member_id,consistency_rate,avg_days_late,prior_loans,repayment_rate,tenure_weeks,total_contributions,default
1,0.7048,2.0,1,0.9914,76,53,0
2,0.6375,3.0,0,0.75,91,58,0
3,0.6844,2.0,4,0.5257,106,72,0
4,0.4807,3.0,1,0.8351,97,46,0
5,0.9132,0.5,3,0.6756,63,57,0
6,0.4349,4.0,3,0.9098,13,5,0
7,0.7966,3.0,3,0.8844,105,83,0
8,0.5382,3.0,2,1.0,61,32,0
9,0.5986,3.0,2,0.9161,146,87,0
10,0.7926,4.0,3,0.9435,12,9,0
11,0.8697,0.5,2,0.6796,16,13,0
12,0.4029,3.0,0,0.75,154,62,0
13,0.6845,4.0,3,1.0,140,95,0
14,0.6631,5.0,2,0.6767,134,88,0
15,0.4089,2.0,4,1.0,76,31,0
16,0.724,2.0,2,0.6976,119,86,0
17,0.4405,1.0,1,0.6522,156,68,0
18,0.61,2.0,3,0.8244,128,78,0
19,0.5671,4.0,2,0.8874,114,64,0
20,0.5972,2.0,2,0.9168,74,44,0
21,0.5298,2.0,0,0.75,92,48,0
22,0.7655,4.0,0,0.75,23,17,0
23,0.4007,3.0,4,0.6772,84,33,0
24,0.686,4.0,1,0.5567,93,63,0
25,0.5438,1.0,2,0.6407,22,11,0
26,0.6066,3.0,1,0.6674,115,69,0
27,0.6801,6.0,1,0.8582,134,91,0
28,0.4954,3.0,1,0.9528,110,54,0
29,0.5906,1.0,2,0.559,124,73,0
30,0.6235,3.0,3,0.8328,95,59,0
31,0.4944,6.0,2,0.6035,150,74,0
32,0.5444,4.0,1,0.8744,83,45,0
33,0.6701,4.0,1,0.6866,34,22,0
34,0.3373,1.0,2,0.6223,56,18,0
35,0.3159,5.0,1,0.8999,116,36,0
36,0.5562,0.0,3,0.692,37,20,0
37,0.6454,5.0,2,0.7326,34,21,0
38,0.9111,0.5,1,0.447,142,129,0
39,0.5915,0.0,3,0.922,9,5,0
40,0.386,3.0,3,0.9031,30,11,0
41,0.2891,6.0,4,0.7808,10,2,0
42,0.5777,3.0,0,0.75,52,30,0
43,0.8703,0.5,4,0.9614,99,86,0
44,0.3586,2.0,2,0.6801,63,22,0
45,0.5423,2.0,2,0.712,36,19,0
46,0.6438,3.0,0,0.75,50,32,0
47,0.4986,7.0,1,0.6745,122,60,0
48,0.7694,0.0,4,0.8913,30,23,0
49,0.7435,3.0,2,0.8643,25,18,0
50,0.372,3.0,3,0.8385,50,18,0
51,0.6733,4.0,2,0.8223,96,64,0
52,0.7224,3.0,7,0.8365,5,3,0
53,0.5652,3.0,2,0.8208,146,82,0
54,0.4205,3.0,3,0.7722,50,21,0
55,0.8151,3.0,0,0.75,30,24,0
56,0.4004,7.0,2,0.5831,30,12,0
57,0.4894,2.0,3,0.9332,144,70,0
58,0.6928,2.0,3,0.9034,148,102,0
59,0.7872,3.0,3,0.8848,78,61,0
60,0.8362,3.0,3,0.9475,13,10,0
61,0.4806,4.0,1,0.7661,124,59,0
62,0.8108,2.0,2,0.4997,36,29,0
63,0.5992,3.0,2,0.7692,129,77,0
64,0.6115,3.0,1,0.6313,11,6,0
65,0.5491,3.0,1,0.6702,138,75,0
66,0.8062,2.0,3,0.5936,74,59,0
67,0.2964,3.0,4,0.7084,138,40,0
68,0.4221,1.0,1,0.6905,44,18,0
69,0.8288,5.0,0,0.75,121,100,0
70,0.6965,4.0,2,0.885,58,40,0
71,0.8814,0.5,1,1.0,10,8,0
72,0.7712,4.0,2,0.8709,87,67,0
73,0.5351,3.0,3,0.7496,149,79,0
74,0.7839,3.0,2,0.7718,81,63,0
75,0.7636,4.0,0,0.75,56,42,0
76,0.4486,3.0,1,0.7935,17,7,0
77,0.5659,4.0,1,0.7744,152,86,0
78,0.4612,2.0,0,0.75,116,53,0
79,0.9924,0.5,4,1.0,60,59,0
80,0.2676,4.0,1,0.5569,94,25,0
81,0.235,2.0,2,0.8877,49,11,0
82,0.6029,3.0,0,0.75,94,56,0
83,0.6707,4.0,4,1.0,155,103,0
84,0.3537,4.0,0,0.75,136,48,0
85,0.4758,4.0,1,0.726,105,49,0
86,0.6533,5.0,2,0.7428,109,71,0
87,0.6483,2.0,3,0.786,131,84,0
88,0.5948,3.0,1,0.6086,35,20,0
89,0.7869,3.0,2,0.665,9,7,0
90,0.5579,3.0,4,0.5123,77,42,0
91,0.5588,2.0,6,0.6416,138,77,0
92,0.4761,3.0,0,0.75,32,15,0
93,0.5365,2.0,1,0.825,37,19,0
94,0.5804,6.0,1,0.4831,10,5,0
95,0.745,4.0,2,0.7594,84,62,0
96,0.6812,2.0,0,0.75,80,54,0
97,0.7154,1.0,3,0.7556,61,43,0
98,0.3585,4.0,5,0.6849,88,31,0
99,0.5449,4.0,1,0.7182,76,41,0
100,0.5136,2.0,4,0.6989,48,24,0
101,0.6428,6.0,2,0.6845,50,32,0
102,0.8626,0.5,2,0.8061,80,69,0
103,0.5537,0.0,3,1.0,76,42,0
104,0.47,3.0,2,0.6684,119,55,0
105,0.6116,1.0,4,0.7323,33,20,0
106,0.5399,2.0,2,0.7722,74,39,0
107,0.5336,3.0,7,0.6769,148,78,0
108,0.6412,2.0,1,0.9447,106,67,0
109,0.6262,3.0,2,0.4244,136,85,0
110,0.3975,3.0,3,0.7003,107,42,0
111,0.2475,2.0,1,0.9027,125,30,0
112,0.8848,0.5,1,0.7359,132,116,0
113,0.5036,1.0,3,0.6569,34,17,0
114,0.8866,0.5,2,0.8461,112,99,0
115,0.8627,0.5,1,0.916,75,64,0
116,0.6561,3.0,4,0.8116,130,85,0
117,0.3701,4.0,2,0.6598,88,32,0
118,0.4315,4.0,1,0.8484,18,7,0
119,0.6218,1.0,2,0.7197,59,36,0
120,0.4714,4.0,3,0.8918,30,14,0
121,0.5641,2.0,1,1.0,5,2,0
122,0.2372,1.0,0,0.75,77,18,0
123,0.7624,3.0,1,0.7967,67,51,0
124,0.6087,4.0,0,0.75,8,4,0
125,0.5089,0.0,1,1.0,94,47,0
126,0.9281,0.5,2,0.7098,71,65,0
127,0.4826,3.0,1,0.892,144,69,0
128,0.9168,0.5,4,0.7747,84,77,0
129,0.3796,0.0,1,0.6595,88,33,0
130,0.3206,2.0,2,0.6417,26,8,0
131,0.8068,6.0,0,0.75,100,80,0
132,0.4765,4.0,0,0.75,127,60,0
133,0.6962,4.0,5,1.0,40,27,0
134,0.7809,2.0,0,0.75,33,25,0
135,0.7998,1.0,0,0.75,154,123,0
136,0.4986,2.0,1,0.7399,120,59,0
137,0.6504,3.0,0,0.75,12,7,0
138,0.658,2.0,1,0.6237,135,88,0
139,0.2312,4.0,1,0.7926,69,15,0
140,0.6476,3.0,3,0.6616,123,79,0
141,0.7668,3.0,1,0.8463,127,97,0
142,0.7805,1.0,1,0.8055,47,36,0
143,0.7332,3.0,3,0.8232,112,82,0
144,0.6797,4.0,2,1.0,40,27,0
145,0.7716,3.0,3,0.7743,70,54,0
146,0.5152,2.0,1,0.8935,63,32,0
147,0.8925,0.5,0,0.75,39,34,0
148,0.7833,4.0,0,0.75,52,40,0
149,0.5566,1.0,1,0.953,110,61,0
150,0.5558,4.0,6,0.734,11,6,0
151,0.6059,1.0,0,0.75,44,26,0
152,0.6964,2.0,5,0.5823,104,72,0
153,0.7994,1.0,1,0.8548,116,92,0
154,0.8993,0.5,3,0.8212,112,100,0
155,0.5364,2.0,3,0.7835,89,47,0
156,0.4952,4.0,2,0.9341,81,40,0
157,0.4837,3.0,2,0.5988,58,28,0
158,0.4672,4.0,2,1.0,113,52,0
159,0.6962,2.0,2,0.9153,149,103,0
160,0.5439,3.0,4,0.7694,68,36,0
161,0.5336,5.0,2,0.7577,67,35,0
162,0.5554,5.0,1,0.8521,143,79,0
163,0.5116,3.0,2,1.0,121,61,0
164,0.4397,4.0,3,0.7952,45,19,0
165,0.901,0.5,3,0.8016,120,108,0
166,0.4837,3.0,1,0.7827,53,25,0
167,0.6852,2.0,3,1.0,51,34,0
168,0.5723,3.0,3,0.7247,76,43,0
169,0.6613,3.0,1,0.7756,139,91,0
170,0.8647,0.5,1,0.9995,156,134,0
171,0.4994,3.0,0,0.75,138,68,0
172,0.4092,2.0,1,0.9506,109,44,0
173,0.6074,4.0,2,0.6433,11,6,0
174,0.3754,4.0,4,0.7492,113,42,0
175,0.4336,1.0,3,1.0,34,14,0
176,0.9489,0.5,1,0.6785,15,14,0
177,0.7381,2.0,3,0.7573,130,95,0
178,0.4498,1.0,4,0.8185,60,26,0
179,0.8138,2.0,2,0.6316,143,116,0
180,0.4597,5.0,3,0.7179,30,13,0
181,0.7326,4.0,1,0.7969,49,35,0
182,0.604,5.0,0,0.75,138,83,0
183,0.7611,4.0,1,0.9721,64,48,0
184,0.7456,1.0,1,1.0,61,45,0
185,0.6326,2.0,3,0.6516,16,10,0
186,0.4854,1.0,1,0.7967,103,49,0
187,0.4141,4.0,4,0.8811,52,21,0
188,0.6641,2.0,4,1.0,38,25,0
189,0.2699,2.0,1,0.8878,97,26,0
190,0.6047,3.0,1,0.8236,98,59,0
191,0.6159,4.0,1,0.88,148,91,0
192,0.6002,2.0,3,0.8811,75,45,0
193,0.6173,3.0,3,0.6408,126,77,0
194,0.5828,4.0,2,0.8089,13,7,0
195,0.3806,2.0,2,0.9989,7,2,0
196,0.6619,3.0,4,0.7489,128,84,0
197,0.5619,2.0,1,0.7994,32,17,0
198,0.7189,5.0,2,0.7436,49,35,0
199,0.641,7.0,2,0.4329,80,51,0
200,0.6681,4.0,2,0.7831,62,41,0
201,0.5365,2.0,3,0.8253,69,37,0
202,0.5417,0.0,2,0.7031,110,59,0
203,0.9116,0.5,1,0.6068,89,81,0
204,0.9393,0.5,3,0.6479,136,127,0
205,0.8452,2.0,2,0.8946,12,10,0
206,0.6572,1.0,2,1.0,23,15,0
207,0.599,7.0,4,0.9874,152,91,0
208,0.3434,4.0,0,0.75,130,44,0
209,0.6941,7.0,5,0.9082,20,13,0
210,0.4898,4.0,1,0.6805,15,7,0
211,0.3402,2.0,1,0.6927,85,28,0
212,0.6443,2.0,2,0.7107,70,45,0
213,0.932,0.5,1,0.8859,136,126,0
214,0.363,2.0,1,0.9239,56,20,0
215,0.6383,5.0,0,0.75,150,95,0
216,0.6065,4.0,1,0.7678,148,89,0
217,0.6712,0.0,1,0.8496,57,38,0
218,0.7389,0.0,1,0.8652,71,52,0
219,0.4738,4.0,1,0.9564,38,18,0
220,0.5395,2.0,0,0.75,91,49,0
221,0.7081,2.0,3,0.783,144,101,0
222,0.4556,5.0,1,0.6198,18,8,0
223,0.4059,3.0,2,0.7724,18,7,0
224,0.6425,4.0,1,0.7461,34,21,0
225,0.5769,0.0,1,0.773,110,63,0
226,0.6173,2.0,1,0.66,13,8,0
227,0.8138,3.0,1,0.5569,60,48,0
228,0.7423,3.0,4,0.4658,10,7,0
229,0.5706,2.0,5,0.7603,136,77,0
230,0.6352,3.0,1,0.7153,128,81,0
231,0.4036,2.0,0,0.75,122,49,0
232,0.3032,2.0,3,0.9784,83,25,0
233,0.6108,4.0,4,0.6511,127,77,0
234,0.7115,4.0,4,0.9925,60,42,0
235,0.8038,1.0,4,1.0,75,60,0
236,0.8181,4.0,3,0.4874,31,25,0
237,0.818,1.0,2,0.7939,39,31,0
238,0.7594,5.0,0,0.75,59,44,0
239,0.5298,1.0,3,0.3432,119,63,0
240,0.5106,4.0,3,0.5633,62,31,0
241,0.7845,3.0,2,0.8962,126,98,0
242,0.6476,2.0,1,1.0,69,44,0
243,0.7757,2.0,2,0.9154,12,9,0
244,0.6688,1.0,1,0.8285,137,91,0
245,0.5631,2.0,0,0.75,122,68,0
246,0.6486,1.0,4,1.0,125,81,0
247,0.4846,3.0,1,1.0,68,32,0
248,0.857,0.5,4,0.692,134,114,0
249,0.532,1.0,2,0.48,130,69,0
250,0.6939,2.0,1,0.4653,90,62,0
251,0.5249,5.0,3,0.9783,36,18,0
252,0.8476,6.0,2,0.7729,140,118,0
253,0.3281,2.0,1,0.8075,56,18,0
254,0.4513,3.0,0,0.75,95,42,0
255,0.7282,5.0,0,0.75,54,39,0
256,0.6328,5.0,4,0.7357,74,46,0
257,0.4908,0.0,4,0.8112,147,72,0
258,0.7237,3.0,3,0.7202,43,31,0
259,0.5893,3.0,1,0.6244,42,24,0
260,0.5464,1.0,1,0.6623,124,67,0
261,0.5352,1.0,4,0.9612,88,47,0
262,0.7892,0.0,1,0.8167,140,110,0
263,0.7041,3.0,3,0.8718,40,28,0
264,0.7195,2.0,1,0.6452,90,64,0
265,0.6311,1.0,3,0.3369,132,83,0
266,0.6323,6.0,2,0.7015,66,41,0
267,0.4518,0.0,2,0.65,46,20,0
268,0.8434,1.0,3,0.8324,103,86,0
269,0.467,3.0,3,1.0,108,50,0
270,0.8701,0.5,2,0.8843,11,9,0
271,0.6314,2.0,1,1.0,52,32,0
272,0.7281,6.0,1,0.8653,99,72,0
273,0.5417,3.0,2,0.6855,126,68,0
274,0.2574,1.0,2,0.8322,50,12,0
275,0.5998,3.0,3,1.0,28,16,0
276,0.5137,4.0,0,0.75,134,68,0
277,0.545,0.0,4,0.6937,117,63,0
278,0.294,2.0,3,0.818,102,29,0
279,0.7493,1.0,0,0.75,99,74,0
280,0.8764,0.5,2,0.9037,37,32,0
281,0.9351,0.5,0,0.75,112,104,0
282,0.6536,4.0,2,0.786,95,62,0
283,0.5014,2.0,1,0.6799,11,5,0
284,0.808,3.0,4,0.834,66,53,0
285,0.5963,3.0,1,0.8426,85,50,0
286,0.7104,5.0,0,0.75,28,19,0
287,0.5371,1.0,2,0.8068,132,70,0
288,0.4616,4.0,2,0.7539,11,5,0
289,0.6479,0.0,1,0.9294,127,82,0
290,0.7374,2.0,2,0.8904,152,112,0
291,0.6358,2.0,3,0.6325,101,64,0
292,0.7338,1.0,2,0.6284,104,76,0
293,0.7662,4.0,1,0.7418,114,87,0
294,0.6256,5.0,0,0.75,6,3,0
295,0.7694,2.0,2,0.8022,138,106,0
296,0.7373,4.0,2,0.6835,103,75,0
297,0.6143,4.0,1,0.8192,14,8,0
298,0.8596,0.5,3,0.7304,62,53,0
299,0.3425,2.0,1,0.9121,143,48,0
300,0.5007,3.0,4,0.83,82,41,0
301,0.7443,3.0,3,0.7327,41,30,0
302,0.8978,0.5,4,0.8147,125,112,0
303,0.5978,4.0,3,0.9773,155,92,0
304,0.646,5.0,0,0.75,68,43,0
305,0.4517,4.0,3,0.8404,149,67,0
306,0.7615,4.0,1,0.7694,49,37,0
307,0.7144,2.0,0,0.75,128,91,0
308,0.7522,2.0,2,0.6818,59,44,0
309,0.6712,5.0,3,0.7966,10,6,0
310,0.7449,2.0,3,0.9462,108,80,0
311,0.6319,1.0,0,0.75,43,27,0
312,0.6376,2.0,0,0.75,100,63,0
313,0.6948,4.0,3,0.5863,55,38,0
314,0.6676,2.0,2,0.6044,34,22,0
315,0.5115,4.0,5,0.8693,10,5,0
316,0.4795,1.0,3,0.5691,147,70,0
317,0.387,3.0,1,0.7353,153,59,0
318,0.4454,5.0,1,0.8727,94,41,0
319,0.5948,4.0,1,0.8425,20,11,0
320,0.7004,1.0,2,0.7222,128,89,0
321,0.3707,2.0,0,0.75,7,2,0
322,0.4565,2.0,4,0.7961,125,57,0
323,0.5363,7.0,0,0.75,102,54,0
324,0.4756,2.0,2,0.7484,146,69,0
325,0.4399,3.0,2,1.0,64,28,0
326,0.5096,3.0,1,0.9014,24,12,0
327,0.5035,6.0,1,1.0,80,40,0
328,0.7842,2.0,3,0.7055,50,39,0
329,0.4036,2.0,2,0.7673,78,31,0
330,0.6263,2.0,5,0.5802,52,32,0
331,0.2301,1.0,1,0.6586,30,6,0
332,0.601,3.0,4,1.0,34,20,0
333,0.8153,5.0,2,0.7017,35,28,0
334,0.2134,4.0,2,1.0,21,4,0
335,0.5821,4.0,2,0.5935,128,74,0
336,0.774,3.0,4,0.622,66,51,0
337,0.757,2.0,0,0.75,131,99,0
338,0.3361,4.0,1,0.7704,19,6,0
339,0.58,3.0,1,0.9185,140,81,0
340,0.5831,3.0,3,0.8476,65,37,0
341,0.3654,1.0,1,0.7176,42,15,0
342,0.4584,4.0,1,0.76,118,54,0
343,0.56,3.0,3,0.7321,141,78,0
344,0.6509,1.0,2,0.6428,143,93,0
345,0.5759,1.0,6,0.6468,75,43,0
346,0.4065,1.0,4,0.9342,65,26,0
347,0.2436,2.0,1,0.5058,134,32,0
348,0.6391,3.0,1,1.0,86,54,0
349,0.6571,3.0,1,0.7286,126,82,0
350,0.7915,3.0,2,0.6641,142,112,0
351,0.2946,1.0,2,0.891,139,40,0
352,0.467,3.0,7,1.0,112,52,0
353,0.7289,2.0,3,0.9476,125,91,0
354,0.7537,1.0,1,0.8553,154,116,0
355,0.8753,0.5,1,0.943,122,106,0
356,0.2696,1.0,1,0.5225,141,38,0
357,0.7351,4.0,1,0.7017,21,15,0
358,0.6799,3.0,2,0.6433,79,53,0
359,0.8546,0.5,2,0.9637,14,11,0
360,0.3486,2.0,1,0.7225,141,49,0
361,0.5291,3.0,3,0.9068,134,70,0
362,0.7323,2.0,1,0.8604,65,47,0
363,0.699,4.0,0,0.75,74,51,0
364,0.5711,2.0,2,0.692,64,36,0
365,0.7615,3.0,5,0.9741,135,102,0
366,0.2777,5.0,2,0.6637,64,17,0
367,0.3497,5.0,2,0.7987,139,48,0
368,0.654,2.0,1,0.6626,105,68,0
369,0.611,1.0,3,0.7329,16,9,0
370,0.7304,1.0,1,0.7731,15,10,0
371,0.6334,4.0,1,0.6626,38,24,0
372,0.5008,1.0,2,0.6359,54,27,0
373,0.8305,4.0,3,0.8229,46,38,0
374,0.5792,1.0,1,0.6533,114,66,0
375,0.5537,5.0,4,0.6584,69,38,0
376,0.912,0.5,3,0.6391,18,16,0
377,0.3623,1.0,3,0.7683,42,15,0
378,0.5777,2.0,2,0.9216,29,16,0
379,0.6885,4.0,4,1.0,115,79,0
380,0.5638,0.0,3,0.6711,54,30,0
381,0.4858,4.0,2,1.0,114,55,0
382,0.677,0.0,3,0.6293,135,91,0
383,0.5148,1.0,2,0.9425,101,51,0
384,0.7889,3.0,1,0.6717,122,96,0
385,0.2938,1.0,2,0.6494,59,17,0
386,0.6758,4.0,4,0.6683,72,48,0
387,0.5237,3.0,3,0.7721,149,78,0
388,0.6812,2.0,5,0.867,7,4,0
389,0.7578,4.0,2,0.8805,132,100,0
390,0.5074,7.0,0,0.75,53,26,0
391,0.6449,4.0,1,0.6316,87,56,0
392,0.2822,4.0,1,0.6425,73,20,0
393,0.3582,3.0,0,0.75,151,54,0
394,0.7212,3.0,0,0.75,23,16,0
395,0.6007,2.0,4,0.6375,30,18,0
396,0.8472,2.0,2,0.8204,29,24,0
397,0.6861,3.0,4,1.0,13,8,0
398,0.5201,3.0,1,0.7043,85,44,0
399,0.567,2.0,1,0.715,108,61,0
400,0.5817,3.0,1,0.8639,143,83,0
401,0.5243,3.0,6,0.6962,91,47,0
402,0.4007,3.0,2,0.8803,27,10,0
403,0.7124,4.0,2,0.6722,120,85,0
404,0.7234,3.0,3,1.0,49,35,0
405,0.8445,8.0,6,0.8317,139,117,0
406,0.6462,3.0,4,0.687,58,37,0
407,0.7973,2.0,2,0.6917,81,64,0
408,0.5625,4.0,1,0.7029,91,51,0
409,0.577,0.0,2,0.9859,19,10,0
410,0.8405,4.0,2,0.5897,151,126,0
411,0.7697,2.0,1,0.6798,41,31,0
412,0.7498,1.0,0,0.75,114,85,0
413,0.3229,2.0,0,0.75,18,5,0
414,0.6564,1.0,1,0.7393,81,53,0
415,0.8064,1.0,2,0.5563,79,63,0
416,0.7421,4.0,4,0.72,75,55,0
417,0.7378,3.0,0,0.75,22,16,0
418,0.8234,2.0,4,0.6858,123,101,0
419,0.4193,3.0,5,0.883,66,27,0
420,0.5831,3.0,2,0.9179,108,62,0
421,0.8319,3.0,1,0.7682,35,29,0
422,0.7688,5.0,2,0.8146,113,86,0
423,0.2397,4.0,1,0.4558,10,2,0
424,0.2409,1.0,1,0.7168,142,34,0
425,0.5289,2.0,2,0.9307,90,47,0
426,0.6549,3.0,0,0.75,34,22,0
427,0.5169,3.0,0,0.75,48,24,0
428,0.57,5.0,3,1.0,59,33,0
429,0.499,2.0,2,1.0,152,75,0
430,0.6379,3.0,2,0.8501,34,21,0
431,0.247,4.0,0,0.75,4,1,0
432,0.7577,2.0,1,0.4461,142,107,0
433,0.6173,2.0,0,0.75,96,59,0
434,0.7178,1.0,1,0.7095,71,50,0
435,0.3144,3.0,0,0.75,39,12,0
436,0.5629,4.0,2,0.7065,82,46,0
437,0.8548,0.5,3,0.3975,70,59,0
438,0.5699,2.0,2,0.8379,54,30,0
439,0.7642,5.0,5,0.8615,133,101,0
440,0.6401,4.0,4,1.0,9,5,0
441,0.4597,7.0,2,0.6618,57,26,0
442,0.941,0.5,1,0.6495,91,85,0
443,0.7131,3.0,2,0.378,148,105,0
444,0.8903,0.5,1,0.736,8,7,0
445,0.4354,5.0,2,0.9152,5,2,0
446,0.3742,6.0,3,0.6882,61,22,0
447,0.7414,2.0,2,1.0,15,11,0
448,0.7015,2.0,0,0.75,8,5,0
449,0.6084,2.0,3,0.802,109,66,0
450,0.7618,1.0,7,0.5755,151,115,0
451,0.5466,4.0,2,0.8231,132,72,0
452,0.4221,5.0,2,0.4831,59,24,0
453,0.4051,5.0,2,0.8841,73,29,0
454,0.6829,5.0,2,0.8887,59,40,0
455,0.4133,3.0,2,0.9839,57,23,0
456,0.843,5.0,1,0.627,142,119,0
457,0.7327,3.0,1,0.8041,6,4,0
458,0.7752,0.0,3,0.8646,98,75,0
459,0.8541,0.5,3,0.8463,31,26,0
460,0.6718,2.0,2,0.6502,114,76,0
461,0.5079,3.0,2,0.4212,110,55,0
462,0.3872,3.0,2,0.832,123,47,0
463,0.6533,4.0,0,0.75,136,88,0
464,0.427,4.0,3,0.695,127,54,0
465,0.4271,3.0,2,0.8946,93,39,0
466,0.4097,2.0,2,0.7733,19,7,0
467,0.7232,2.0,1,0.5821,34,24,0
468,0.5556,4.0,3,0.4903,31,17,0
469,0.5896,3.0,5,0.6107,138,81,0
470,0.4234,0.0,0,0.75,140,59,0
471,0.4978,4.0,0,0.75,42,20,0
472,0.746,3.0,1,0.8083,30,22,0
473,0.3253,2.0,2,0.7528,79,25,0
474,0.7248,1.0,2,0.7429,120,86,0
475,0.8093,3.0,1,0.9551,92,74,0
476,0.7116,3.0,5,0.7064,110,78,0
477,0.462,2.0,0,0.75,125,57,0
478,0.6215,1.0,1,0.7277,129,80,0
479,0.4549,3.0,2,1.0,101,45,0
480,0.5537,5.0,2,0.8913,36,19,0
481,0.6526,4.0,3,0.9668,94,61,0
482,0.6709,3.0,0,0.75,123,82,0
483,0.7006,4.0,2,0.9387,5,3,0
484,0.5079,6.0,0,0.75,145,73,0
485,0.4565,4.0,1,0.7965,16,7,0
486,0.8243,2.0,4,1.0,27,22,0
487,0.6912,2.0,6,0.6236,72,49,0
488,0.7977,2.0,0,0.75,37,29,0
489,0.7652,2.0,3,0.8457,90,68,0
490,0.3372,2.0,0,0.75,22,7,0
491,0.799,2.0,0,0.75,33,26,0
492,0.5961,2.0,1,1.0,52,30,0
493,0.8564,0.5,4,0.5858,147,125,0
494,0.5124,2.0,3,0.9988,117,59,0
495,0.9739,0.5,0,0.75,119,115,0
496,0.63,4.0,0,0.75,142,89,0
497,0.5586,1.0,0,0.75,81,45,0
498,0.7491,4.0,2,0.6497,38,28,0
499,0.4176,2.0,4,1.0,74,30,0
500,0.3951,1.0,2,0.4984,111,43,0
501,0.7643,4.0,3,0.539,57,43,0
502,0.691,4.0,0,0.75,26,17,0
503,0.4355,4.0,3,0.8088,155,67,0
504,0.8545,0.5,5,1.0,13,11,0
505,0.7151,2.0,2,0.7522,64,45,0
506,0.3238,2.0,4,0.6888,139,45,0
507,0.7677,2.0,2,0.8267,51,39,0
508,0.7363,2.0,3,0.8504,115,84,0
509,0.8007,5.0,1,0.8462,129,103,0
510,0.5831,1.0,1,0.7533,90,52,0
511,0.541,1.0,1,0.4867,29,15,0
512,0.6712,5.0,5,0.6424,55,36,0
513,0.4137,3.0,2,0.993,9,3,0
514,0.5999,2.0,3,0.8081,11,6,0
515,0.581,4.0,0,0.75,20,11,0
516,0.6133,2.0,1,0.9477,79,48,0
517,0.6895,3.0,3,0.6105,37,25,0
518,0.447,3.0,2,0.7462,150,67,0
519,0.8933,0.5,1,0.8007,73,65,0
520,0.8027,4.0,1,0.7138,85,68,0
521,0.6719,2.0,1,0.7951,121,81,0
522,0.323,2.0,1,0.7518,41,13,0
523,0.7945,1.0,1,0.5701,146,115,0
524,0.4874,6.0,2,0.8072,105,51,0
525,0.928,0.5,2,0.5807,43,39,0
526,0.5467,3.0,0,0.75,140,76,0
527,0.4683,2.0,1,0.9861,56,26,0
528,0.579,2.0,1,0.7378,121,70,0
529,0.5225,2.0,4,0.6043,69,36,0
530,0.5579,5.0,1,0.761,83,46,0
531,0.449,1.0,1,0.6552,55,24,0
532,0.6887,3.0,0,0.75,132,90,0
533,0.6775,1.0,0,0.75,127,86,0
534,0.3684,1.0,1,1.0,115,42,0
535,0.7513,7.0,4,0.9544,4,3,0
536,0.5448,6.0,1,0.757,19,10,0
537,0.4333,1.0,1,0.8873,148,64,0
538,0.6271,5.0,1,0.721,115,72,0
539,0.6314,3.0,1,0.7851,115,72,0
540,0.2296,2.0,1,0.7258,105,24,0
541,0.8958,0.5,0,0.75,85,76,0
542,0.4877,3.0,1,0.9949,153,74,0
543,0.5855,4.0,1,0.8998,102,59,0
544,0.5875,6.0,3,0.9183,43,25,0
545,0.7234,3.0,5,0.9185,39,28,0
546,0.7496,3.0,7,0.8627,128,95,0
547,0.6763,5.0,5,0.6091,7,4,0
548,0.2083,0.0,0,0.75,121,25,0
549,0.3509,5.0,3,1.0,28,9,0
550,0.7077,2.0,4,0.7449,98,69,0
551,0.5933,1.0,1,0.7244,81,48,0
552,0.6285,4.0,1,0.8719,15,9,0
553,0.6972,4.0,4,0.8626,30,20,0
554,0.7096,5.0,1,0.7497,66,46,0
555,0.7669,2.0,0,0.75,58,44,0
556,0.5889,2.0,1,0.8259,85,50,0
557,0.5809,4.0,2,0.8627,17,9,0
558,0.5706,4.0,0,0.75,59,33,0
559,0.6607,3.0,3,0.8324,150,99,0
560,0.7598,1.0,2,0.7393,89,67,0
561,0.6688,1.0,5,0.9291,29,19,0
562,0.885,0.5,3,0.7899,95,84,0
563,0.5543,1.0,3,0.7103,39,21,0
564,0.9119,0.5,1,0.7529,149,135,0
565,0.3971,3.0,2,0.5181,81,32,0
566,0.505,4.0,4,0.7527,115,58,0
567,0.2672,3.0,2,0.8833,26,6,0
568,0.4081,3.0,1,0.831,122,49,0
569,0.7286,3.0,2,1.0,119,86,0
570,0.6082,0.0,5,0.7406,145,88,0
571,0.7487,6.0,3,0.8531,25,18,0
572,0.6062,4.0,1,0.8989,31,18,0
573,0.3507,1.0,4,1.0,46,16,0
574,0.5612,6.0,0,0.75,79,44,0
575,0.8298,1.0,2,0.6234,21,17,0
576,0.5844,3.0,2,0.9072,103,60,0
577,0.6298,6.0,2,1.0,127,79,0
578,0.6888,3.0,5,0.7316,112,77,0
579,0.2613,1.0,1,0.9062,39,10,0
580,0.5626,4.0,1,0.9643,128,72,0
581,0.6085,1.0,1,0.9326,10,6,0
582,0.5271,4.0,1,0.7988,26,13,0
583,0.5358,5.0,2,0.6752,120,64,0
584,0.7676,1.0,3,0.7678,117,89,0
585,0.3604,2.0,3,0.8488,99,35,0
586,0.8493,5.0,2,0.9162,24,20,0
587,0.8444,9.0,1,0.8301,73,61,0
588,0.8025,5.0,1,0.723,56,44,0
589,0.2463,4.0,4,0.8633,87,21,0
590,0.4913,4.0,2,0.909,109,53,0
591,0.7891,4.0,1,0.8369,44,34,0
592,0.7631,3.0,1,0.6546,131,99,0
593,0.7479,2.0,5,0.7528,145,108,0
594,0.5467,2.0,1,0.9222,91,49,0
595,0.6049,7.0,2,0.5725,106,64,0
596,0.618,4.0,4,0.466,110,67,0
597,0.4199,3.0,2,1.0,20,8,0
598,0.6403,1.0,2,0.8567,28,17,0
599,0.6116,1.0,1,0.871,67,40,0
600,0.5423,2.0,1,0.6185,89,48,0
601,0.8662,0.5,1,0.8906,122,105,0
602,0.5949,4.0,2,0.8213,38,22,0
603,0.5583,3.0,2,0.5424,40,22,0
604,0.6843,4.0,0,0.75,58,39,0
605,0.5216,6.0,3,0.8038,148,77,0
606,0.7456,2.0,3,0.7206,132,98,0
607,0.7415,5.0,1,0.7233,56,41,0
608,0.8042,1.0,3,0.4777,76,61,0
609,0.6798,4.0,4,0.869,116,78,0
610,0.9182,0.5,4,0.8193,16,14,0
611,0.9171,0.5,2,0.7509,50,45,0
612,0.666,2.0,1,0.9718,31,20,0
613,0.8972,0.5,0,0.75,56,50,0
614,0.653,2.0,3,0.6905,34,22,0
615,0.4707,6.0,2,0.6525,11,5,0
616,0.3795,2.0,0,0.75,75,28,0
617,0.7608,0.0,5,0.7901,127,96,0
618,0.7279,2.0,4,0.8445,101,73,0
619,0.8212,3.0,1,0.728,90,73,0
620,0.762,2.0,4,0.6484,77,58,0
621,0.3763,4.0,3,1.0,104,39,0
622,0.4818,2.0,4,1.0,28,13,0
623,0.7124,2.0,3,0.8015,118,84,0
624,0.9424,0.5,1,0.6665,36,33,0
625,0.9418,0.5,3,1.0,138,129,0
626,0.7211,1.0,2,0.563,100,72,0
627,0.5674,4.0,2,0.7298,115,65,0
628,0.4391,3.0,2,0.6756,99,43,0
629,0.5635,8.0,1,0.6061,8,4,0
630,0.4668,1.0,5,0.738,124,57,0
631,0.8973,0.5,4,0.6504,113,101,0
632,0.4927,2.0,1,0.7819,20,9,0
633,0.5413,2.0,3,0.7841,79,42,0
634,0.8748,0.5,3,0.6868,55,48,0
635,0.3111,4.0,4,0.7244,143,44,0
636,0.7414,3.0,1,0.7454,65,48,0
637,0.5318,4.0,1,0.9015,24,12,0
638,0.6777,5.0,2,0.7577,88,59,0
639,0.8539,0.5,1,0.9037,24,20,0
640,0.4885,2.0,1,0.8679,146,71,0
641,0.4937,5.0,0,0.75,154,76,0
642,0.345,3.0,2,0.9882,131,45,0
643,0.7644,5.0,2,0.6121,57,43,0
644,0.4775,3.0,1,0.709,29,13,0
645,0.8905,0.5,1,1.0,56,49,0
646,0.5382,1.0,3,0.7414,69,37,0
647,0.722,1.0,2,0.3577,10,7,0
648,0.3386,4.0,1,0.7496,35,11,0
649,0.6414,3.0,1,0.8002,90,57,0
650,0.7463,7.0,1,0.3874,156,116,0
651,0.5646,2.0,2,0.9801,5,2,0
652,0.525,0.0,4,0.6729,78,40,0
653,0.5845,2.0,1,0.8293,32,18,0
654,0.4647,3.0,0,0.75,130,60,0
655,0.6777,2.0,1,0.5867,52,35,0
656,0.645,3.0,2,0.6194,35,22,0
657,0.1752,3.0,0,0.75,18,3,0
658,0.7145,1.0,3,0.9429,65,46,0
659,0.6551,4.0,1,0.7579,81,53,0
660,0.7167,4.0,1,0.7017,20,14,0
661,0.5575,4.0,7,0.6398,25,13,0
662,0.7371,3.0,1,0.9594,84,61,0
663,0.3282,2.0,1,0.9996,147,48,0
664,0.8454,2.0,0,0.75,11,9,0
665,0.6987,2.0,5,0.8539,34,23,0
666,0.5519,0.0,1,0.8235,15,8,0
667,0.5325,4.0,2,0.5976,36,19,0
668,0.6756,2.0,0,0.75,15,10,0
669,0.7517,4.0,2,0.6774,28,21,0
670,0.518,2.0,2,0.5062,51,26,0
671,0.8424,7.0,4,0.9386,86,72,0
672,0.6424,5.0,2,0.6756,58,37,0
673,0.6027,3.0,2,0.9594,134,80,0
674,0.3187,1.0,2,0.9123,128,40,0
675,0.8613,0.5,0,0.75,72,62,0
676,0.6394,1.0,5,0.8719,54,34,0
677,0.6407,2.0,1,0.6877,30,19,0
678,0.5802,2.0,6,1.0,147,85,0
679,0.3243,4.0,3,0.7865,28,9,0
680,0.7856,5.0,3,0.8253,36,28,0
681,0.6535,2.0,2,0.6826,65,42,0
682,0.4856,2.0,1,0.6403,148,71,0
683,0.6241,2.0,5,0.8516,33,20,0
684,0.5193,3.0,0,0.75,44,22,0
685,0.6448,4.0,2,0.6616,120,77,0
686,0.7352,1.0,3,0.5642,7,5,0
687,0.5121,4.0,1,0.5895,69,35,0
688,0.6158,5.0,2,0.9594,63,38,0
689,0.8525,0.5,1,0.688,140,119,0
690,0.5182,2.0,2,0.7292,34,17,0
691,0.4387,3.0,1,0.9976,92,40,0
692,0.5564,1.0,1,0.6117,103,57,0
693,0.3302,3.0,4,0.671,122,40,0
694,0.8799,0.5,3,0.6647,72,63,0
695,0.4233,4.0,3,1.0,155,65,0
696,0.9047,0.5,1,1.0,27,24,0
697,0.3562,5.0,1,0.8927,26,9,0
698,0.6395,1.0,3,0.8975,66,42,0
699,0.666,4.0,5,0.6929,121,80,0
700,0.689,2.0,1,1.0,117,80,0
701,0.7358,1.0,5,0.8202,9,6,0
702,0.6028,4.0,1,0.908,9,5,0
703,0.5609,3.0,2,0.7642,33,18,0
704,0.74,2.0,2,0.7398,4,2,0
705,0.7177,2.0,1,1.0,66,47,0
706,0.587,1.0,2,0.861,139,81,0
707,0.8131,2.0,2,0.9977,31,25,0
708,0.6242,4.0,2,0.8183,92,57,0
709,0.6058,4.0,2,0.6527,56,33,0
710,0.7571,6.0,3,0.6925,41,31,0
711,0.7863,1.0,0,0.75,55,43,0
712,0.5285,4.0,4,0.686,81,42,0
713,0.4639,0.0,1,0.6139,142,65,0
714,0.7537,2.0,0,0.75,133,100,0
715,0.7876,2.0,1,0.6983,56,44,0
716,0.7774,2.0,0,0.75,97,75,0
717,0.4433,1.0,1,0.8244,97,42,0
718,0.6484,3.0,1,0.6918,10,6,0
719,0.2895,5.0,2,0.9976,70,20,0
720,0.4245,1.0,2,0.6124,140,59,0
721,0.7963,2.0,0,0.75,119,94,0
722,0.8975,0.5,2,0.8169,142,127,0
723,0.7345,2.0,2,0.7719,40,29,0
724,0.6276,2.0,3,0.5855,145,91,0
725,0.5073,4.0,5,0.9106,150,76,0
726,0.3731,2.0,2,0.8915,11,4,0
727,0.9084,0.5,1,0.6787,138,125,0
728,0.7843,3.0,2,0.8861,62,48,0
729,0.4684,4.0,0,0.75,126,59,0
730,0.6714,4.0,5,0.5879,10,6,0
731,0.3734,4.0,1,0.6519,123,45,0
732,0.6366,5.0,1,0.9507,6,3,0
733,0.759,2.0,1,0.8264,70,53,0
734,0.5883,0.0,2,0.6954,21,12,0
735,0.6626,3.0,1,0.6512,48,31,0
736,0.4456,3.0,3,0.7027,100,44,0
737,0.8627,0.5,4,0.7133,95,81,0
738,0.7968,3.0,2,0.6531,147,117,0
739,0.6053,5.0,2,0.5187,82,49,0
740,0.5926,1.0,2,0.951,62,36,0
741,0.8474,2.0,2,0.9256,149,126,0
742,0.6958,4.0,1,0.589,86,59,0
743,0.6038,2.0,2,0.8004,112,67,0
744,0.3677,0.0,2,0.6447,58,21,0
745,0.5785,5.0,2,0.7408,138,79,0
746,0.8311,0.0,5,0.7283,94,78,0
747,0.2776,2.0,2,0.7158,86,23,0
748,0.298,3.0,3,1.0,129,38,0
749,0.5361,2.0,0,0.75,84,45,0
750,0.5529,6.0,2,0.6588,142,78,0
751,0.8341,5.0,2,0.6656,8,6,0
752,0.5442,3.0,1,0.9366,69,37,0
753,0.6896,4.0,2,0.5322,114,78,0
754,0.7106,5.0,1,0.6656,15,10,0
755,0.7074,2.0,2,0.997,109,77,0
756,0.7818,2.0,4,0.8166,78,60,0
757,0.7164,4.0,3,0.8088,141,101,0
758,0.3656,4.0,1,1.0,31,11,0
759,0.5715,7.0,3,0.817,10,5,0
760,0.8544,0.5,3,0.6738,145,123,0
761,0.803,4.0,4,0.7377,80,64,0
762,0.6131,3.0,3,0.6097,64,39,0
763,0.8135,5.0,1,0.9684,54,43,0
764,0.5304,2.0,2,0.8662,139,73,0
765,0.6713,6.0,2,0.9487,132,88,0
766,0.5478,2.0,2,0.9619,14,7,0
767,0.8257,6.0,3,0.7179,110,90,0
768,0.6016,3.0,2,0.6383,51,30,0
769,0.6923,2.0,0,0.75,141,97,0
770,0.3712,5.0,1,0.6491,146,54,0
771,0.8086,3.0,1,0.8047,106,85,0
772,0.536,2.0,1,0.9498,50,26,0
773,0.5939,2.0,1,0.7548,156,92,0
774,0.7256,1.0,3,0.8025,115,83,0
775,0.8491,4.0,0,0.75,9,7,0
776,0.636,2.0,2,0.9004,14,8,0
777,0.546,3.0,1,0.6798,20,10,0
778,0.6521,2.0,2,0.4505,146,95,0
779,0.7571,3.0,1,0.8506,19,14,0
780,0.7732,2.0,1,0.9282,59,45,0
781,0.7595,0.0,1,0.847,69,52,0
782,0.5335,2.0,2,0.684,86,45,0
783,0.8142,3.0,2,0.6097,78,63,0
784,0.7523,1.0,2,0.8542,130,97,0
785,0.7172,2.0,2,0.8012,134,96,0
786,0.7004,3.0,1,0.7611,21,14,0
787,0.7152,1.0,1,1.0,92,65,0
788,0.7259,4.0,2,0.638,97,70,0
789,0.6726,1.0,2,1.0,20,13,0
790,0.3588,5.0,3,0.7848,117,41,0
791,0.3327,1.0,2,0.5047,110,36,0
792,0.7464,1.0,1,0.7531,102,76,0
793,0.3688,5.0,2,0.9239,16,5,0
794,0.5828,0.0,2,0.7252,66,38,0
795,0.7492,2.0,2,0.5588,17,12,0
796,0.7634,2.0,2,0.7553,21,16,0
797,0.6873,4.0,2,0.6514,136,93,0
798,0.6232,2.0,1,0.8538,17,10,0
799,0.5045,4.0,0,0.75,28,14,0
800,0.9538,0.5,1,0.6216,47,44,0
801,0.7149,2.0,5,0.6741,124,88,0
802,0.9069,0.5,4,0.8935,42,38,0
803,0.8874,0.5,3,0.6512,143,126,0
804,0.6533,5.0,2,0.6177,107,69,0
805,0.7467,2.0,2,0.6032,65,48,0
806,0.2331,4.0,2,0.8328,56,13,0
807,0.9821,0.5,2,0.8264,56,54,0
808,0.7933,2.0,0,0.75,121,95,0
809,0.6705,3.0,1,0.7808,68,45,0
810,0.7292,0.0,1,1.0,134,97,0
811,0.5638,7.0,0,0.75,46,25,0
812,0.5683,0.0,4,0.4872,53,30,0
813,0.7854,0.0,2,0.8483,140,109,0
814,0.781,1.0,0,0.75,39,30,0
815,0.6393,1.0,2,0.6735,26,16,0
816,0.5243,0.0,0,0.75,77,40,0
817,0.7217,1.0,3,0.9059,53,38,0
818,0.6094,5.0,2,0.4488,58,35,0
819,0.8392,0.0,1,0.6821,128,107,0
820,0.4485,6.0,1,1.0,15,6,0
821,0.4665,3.0,3,0.8675,86,40,0
822,0.5529,4.0,3,0.8814,35,19,0
823,0.4502,0.0,3,0.9559,155,69,0
824,0.0828,7.0,0,0.75,89,7,0
825,0.8365,4.0,0,0.75,22,18,0
826,0.6539,0.0,3,0.8877,54,35,0
827,0.5664,2.0,3,0.8609,67,37,0
828,0.4221,8.0,1,0.7317,133,56,0
829,0.8716,0.5,4,0.8058,131,114,0
830,0.4818,2.0,0,0.75,142,68,0
831,0.5579,3.0,1,0.7819,67,37,0
832,0.542,4.0,3,0.6047,4,2,0
833,0.6809,1.0,2,0.6614,92,62,0
834,0.4228,5.0,2,0.7377,29,12,0
835,0.8254,1.0,1,0.6384,142,117,0
836,0.586,5.0,4,0.7042,90,52,0
837,0.8948,0.5,2,0.7554,5,4,0
838,0.5828,1.0,2,0.8403,96,55,0
839,0.7437,0.0,1,0.9224,122,90,0
840,0.4131,2.0,4,0.7104,135,55,0
841,0.8284,1.0,5,0.9803,83,68,0
842,0.908,0.5,2,0.9208,114,103,0
843,0.0968,0.0,2,0.8556,129,12,0
844,0.6342,3.0,0,0.75,8,5,0
845,0.5826,6.0,3,0.8279,146,85,0
846,0.3334,2.0,2,0.9581,29,9,0
847,0.5665,0.0,5,0.9635,9,5,0
848,0.5299,2.0,6,0.9802,126,66,0
849,0.5136,1.0,3,0.7862,47,24,0
850,0.7884,6.0,3,0.8632,61,48,0
851,0.558,4.0,3,0.9815,84,46,0
852,0.8771,0.5,2,0.6864,49,42,0
853,0.5258,2.0,3,0.7322,105,55,0
854,0.7027,5.0,2,0.7824,51,35,0
855,0.3537,2.0,0,0.75,117,41,0
856,0.5509,3.0,2,0.9173,23,12,0
857,0.4223,2.0,2,0.7454,118,49,0
858,0.6346,1.0,2,0.5537,79,50,0
859,0.7314,5.0,2,0.8169,124,90,0
860,0.5557,3.0,1,0.6423,112,62,0
861,0.3069,3.0,2,0.5565,71,21,0
862,0.5508,2.0,5,0.5904,135,74,0
863,0.6578,5.0,1,0.829,152,99,0
864,0.4015,2.0,0,0.75,69,27,0
865,0.653,2.0,2,0.7858,147,95,0
866,0.3533,2.0,0,0.75,138,48,0
867,0.5118,0.0,3,0.9574,86,44,0
868,0.6356,3.0,2,0.5483,12,7,0
869,0.5185,5.0,3,0.858,20,10,0
870,0.7361,2.0,4,0.7783,116,85,0
871,0.187,2.0,1,0.8649,143,26,0
872,0.6236,4.0,1,0.7075,123,76,0
873,0.5648,5.0,1,0.6573,14,7,0
874,0.7214,4.0,2,0.8011,144,103,0
875,0.7139,2.0,1,1.0,29,20,0
876,0.6591,2.0,3,0.9091,66,43,0
877,0.7593,2.0,4,0.7038,25,18,0
878,0.2102,2.0,2,0.5789,137,28,0
879,0.4317,2.0,3,0.5277,151,65,0
880,0.4742,3.0,1,0.9774,13,6,0
881,0.7972,5.0,1,0.6367,86,68,0
882,0.684,3.0,4,0.7312,29,19,0
883,0.3228,3.0,3,0.9782,74,23,0
884,0.6251,5.0,1,0.5379,40,25,0
885,0.6604,4.0,3,1.0,139,91,0
886,0.5299,1.0,2,0.742,136,72,0
887,0.3257,2.0,2,0.6077,129,42,0
888,0.4799,1.0,4,0.7429,118,56,0
889,0.8788,0.5,2,0.6716,95,83,0
890,0.9272,0.5,2,0.8461,120,111,0
891,0.5855,5.0,4,0.6828,52,30,0
892,0.6181,4.0,4,0.4933,39,24,0
893,0.6617,3.0,2,0.7469,29,19,0
894,0.599,3.0,1,0.5765,48,28,0
895,0.4712,3.0,1,0.8106,64,30,0
896,0.3648,1.0,2,0.6019,135,49,0
897,0.807,1.0,2,0.7068,79,63,0
898,0.3318,2.0,2,0.8074,61,20,0
899,0.8948,0.5,2,0.7481,108,96,0
900,0.2365,3.0,2,0.8176,29,6,0
901,0.8822,0.5,2,0.882,98,86,0
902,0.5108,4.0,2,0.6063,82,41,0
903,0.2408,5.0,2,0.7703,131,31,0
904,0.7846,2.0,6,0.2806,140,109,0
905,0.6524,2.0,2,0.8171,81,52,0
906,0.6487,3.0,1,0.7349,39,25,0
907,0.6351,2.0,3,0.6325,135,85,0
908,0.591,4.0,1,0.8274,62,36,0
909,0.4407,5.0,5,0.9559,127,55,0
910,0.5584,4.0,2,0.7086,91,50,0
911,0.6226,4.0,1,0.6383,84,52,0
912,0.3104,5.0,2,0.8048,144,44,0
913,0.7296,2.0,1,0.5797,151,110,0
914,0.5045,5.0,0,0.75,20,10,0
915,0.2134,1.0,5,0.9634,54,11,0
916,0.5942,2.0,3,0.7893,58,34,0
917,0.605,3.0,1,0.4981,152,91,0
918,0.4334,3.0,4,0.5105,84,36,0
919,0.4415,3.0,0,0.75,153,67,0
920,0.3371,2.0,2,0.9094,156,52,0
921,0.507,5.0,0,0.75,113,57,0
922,0.3464,3.0,4,0.8475,143,49,0
923,0.495,2.0,4,0.9796,146,72,0
924,0.4584,3.0,2,1.0,89,40,0
925,0.3414,6.0,2,0.8297,5,1,0
926,0.8344,8.0,3,0.856,135,112,0
927,0.5027,3.0,1,0.46,48,24,0
928,0.8724,0.5,4,1.0,16,13,0
929,0.5006,5.0,0,0.75,58,29,0
930,0.7668,3.0,2,0.64,25,19,0
931,0.7872,4.0,0,0.75,92,72,0
932,0.8368,3.0,0,0.75,58,48,0
933,0.6848,2.0,6,1.0,148,101,0
934,0.5355,3.0,2,0.7988,139,74,0
935,0.7054,1.0,1,0.9297,100,70,0
936,0.7401,3.0,2,0.7865,141,104,0
937,0.5248,0.0,4,0.6243,22,11,0
938,0.5883,1.0,1,1.0,131,77,0
939,0.4357,3.0,5,0.6867,145,63,0
940,0.8239,1.0,1,1.0,70,57,0
941,0.2275,0.0,0,0.75,64,14,0
942,0.6036,0.0,1,0.8721,66,39,0
943,0.421,4.0,1,1.0,108,45,0
944,0.6567,3.0,0,0.75,107,70,0
945,0.5402,4.0,4,0.7537,142,76,0
946,0.4931,7.0,1,0.6587,137,67,0
947,0.5442,3.0,2,0.5004,37,20,0
948,0.5477,1.0,4,1.0,102,55,0
949,0.712,3.0,2,0.714,67,47,0
950,0.6697,3.0,4,0.9503,90,60,0
951,0.8157,2.0,2,0.6688,84,68,0
952,0.4896,7.0,4,1.0,69,33,0
953,0.6388,2.0,4,0.675,86,54,0
954,0.7053,4.0,3,0.6012,95,67,0
955,0.4781,3.0,3,0.7487,139,66,0
956,0.88,0.5,1,0.7002,153,134,0
957,0.6413,0.0,1,0.8694,155,99,0
958,0.7917,7.0,3,0.7723,41,32,0
959,0.6027,5.0,2,0.8742,133,80,0
960,0.9549,0.5,3,0.7363,128,122,0
961,0.8069,1.0,1,0.6802,44,35,0
962,0.2436,4.0,2,0.6925,22,5,0
963,0.78,4.0,2,1.0,108,84,0
964,0.5143,2.0,2,0.8138,133,68,0
965,0.5925,1.0,1,0.4824,95,56,0
966,0.3349,4.0,2,0.702,99,33,0
967,0.1766,5.0,2,0.7945,65,11,0
968,0.807,5.0,1,1.0,19,15,0
969,0.4013,2.0,2,0.9343,97,38,0
970,0.7475,6.0,4,0.6417,153,114,0
971,0.5209,3.0,3,1.0,145,75,0
972,0.8212,4.0,0,0.75,119,97,0
973,0.5752,4.0,4,0.9669,59,33,0
974,0.5844,2.0,2,0.6067,68,39,0
975,0.4407,10.0,2,0.4203,57,25,0
976,0.4372,4.0,2,0.5687,89,38,0
977,0.7959,3.0,3,0.2924,53,42,0
978,0.6026,0.0,0,0.75,108,65,0
979,0.3915,2.0,1,0.8122,25,9,0
980,0.8454,2.0,1,0.6413,43,36,0
981,0.8096,1.0,1,0.8479,42,34,0
982,0.4977,4.0,2,0.8084,108,53,0
983,0.3471,4.0,1,0.8731,71,24,0
984,0.463,2.0,1,0.9614,10,4,0
985,0.5957,3.0,1,0.7365,88,52,0
986,0.8257,6.0,3,0.648,135,111,0
987,0.5697,2.0,0,0.75,79,45,0
988,0.962,0.5,1,0.9003,94,90,0
989,0.5257,4.0,1,0.7951,87,45,0
990,0.6072,5.0,3,1.0,34,20,0
991,0.3806,2.0,4,0.7143,102,38,0
992,0.599,2.0,1,0.645,55,32,0
993,0.7772,4.0,2,0.8427,115,89,0
994,0.8967,0.5,4,0.6788,75,67,0
995,0.7833,4.0,2,0.8543,24,18,0
996,0.2363,3.0,0,0.75,19,4,0
997,0.4403,2.0,0,0.75,19,8,0
998,0.2726,5.0,2,1.0,149,40,0
999,0.4162,0.0,4,0.7192,59,24,0
1000,0.3933,4.0,0,0.75,85,33,0
1001,0.5938,3.0,0,0.75,81,48,0
1002,0.688,1.0,0,0.75,40,27,0
1003,0.3232,4.0,2,0.6761,147,47,0
1004,0.752,4.0,1,0.8665,63,47,0
1005,0.7351,3.0,3,0.9208,14,10,0
1006,0.5366,0.0,1,0.9631,129,69,0
1007,0.8382,3.0,3,0.6679,69,57,0
1008,0.8162,5.0,2,0.8694,129,105,0
1009,0.409,1.0,1,0.7101,35,14,0
1010,0.7815,5.0,2,0.6892,150,117,0
1011,0.5844,2.0,2,0.9605,59,34,0
1012,0.7561,2.0,1,0.6976,8,6,0
1013,0.7449,2.0,3,0.8217,134,99,0
1014,0.7385,3.0,1,0.8033,93,68,0
1015,0.352,5.0,1,0.6194,97,34,0
1016,0.501,5.0,1,0.9249,75,37,0
1017,0.5139,2.0,0,0.75,103,52,0
1018,0.3606,3.0,2,0.4821,32,11,0
1019,0.3549,0.0,2,0.8216,62,22,0
1020,0.4707,4.0,1,0.6641,28,13,0
1021,0.5173,2.0,2,0.9446,153,79,0
1022,0.73,8.0,0,0.75,100,72,0
1023,0.4619,5.0,3,0.7265,104,48,0
1024,0.5898,4.0,2,0.8343,120,70,0
1025,0.4424,3.0,1,0.7882,26,11,0
1026,0.5791,3.0,3,0.8944,73,42,0
1027,0.5509,1.0,1,0.5522,82,45,0
1028,0.8098,1.0,2,1.0,82,66,0
1029,0.5117,3.0,2,0.8588,101,51,0
1030,0.7857,4.0,0,0.75,17,13,0
1031,0.6005,2.0,6,0.9111,32,19,0
1032,0.5894,2.0,2,0.7783,147,86,0
1033,0.0746,4.0,0,0.75,90,6,0
1034,0.6231,2.0,3,0.6955,13,8,0
1035,0.7454,3.0,1,1.0,50,37,0
1036,0.531,2.0,1,0.9878,7,3,0
1037,0.8273,1.0,2,0.6871,15,12,0
1038,0.7307,4.0,2,0.3573,45,32,0
1039,0.8051,3.0,1,0.7481,7,5,0
1040,0.4484,2.0,3,0.7368,87,39,0
1041,0.6405,4.0,0,0.75,95,60,0
1042,0.2646,2.0,4,0.8593,95,25,0
1043,0.4969,3.0,0,0.75,9,4,0
1044,0.8083,0.0,4,0.9285,145,117,0
1045,0.3634,4.0,0,0.75,38,13,0
1046,0.6643,4.0,0,0.75,68,45,0
1047,0.3907,3.0,1,0.7288,150,58,0
1048,0.3083,0.0,2,1.0,60,18,0
1049,0.7783,0.0,2,0.8361,16,12,0
1050,0.6578,3.0,3,0.8352,139,91,0
1051,0.2923,2.0,3,0.8339,21,6,0
1052,0.3187,3.0,3,0.8423,90,28,0
1053,0.6631,2.0,0,0.75,117,77,0
1054,0.7611,6.0,1,0.7441,29,22,0
1055,0.4609,4.0,1,0.7743,69,31,0
1056,0.7524,3.0,1,0.9722,29,21,0
1057,0.6814,4.0,1,0.7872,129,87,0
1058,0.574,6.0,1,0.533,60,34,0
1059,0.74,3.0,3,0.8445,28,20,0
1060,0.4229,0.0,2,0.6594,33,13,0
1061,0.5852,0.0,5,0.5975,138,80,0
1062,0.494,7.0,1,0.6549,30,14,0
1063,0.5998,5.0,2,0.8614,142,85,0
1064,0.533,2.0,1,0.9688,104,55,0
1065,0.3654,6.0,0,0.75,139,50,0
1066,0.6851,6.0,2,0.8748,14,9,0
1067,0.8994,0.5,1,0.851,129,116,0
1068,0.7035,4.0,1,0.7952,33,23,0
1069,0.6709,2.0,2,0.8845,97,65,0
1070,0.6794,1.0,2,0.4172,119,80,0
1071,0.8353,5.0,2,0.7967,18,15,0
1072,0.881,0.5,4,0.6233,38,33,0
1073,0.6067,0.0,1,0.9544,42,25,0
1074,0.5641,2.0,1,0.7579,27,15,0
1075,0.6621,0.0,3,0.7846,11,7,0
1076,0.434,4.0,3,0.5542,46,19,0
1077,0.3988,5.0,2,0.9325,87,34,0
1078,0.7524,2.0,2,0.8741,50,37,0
1079,0.6952,1.0,1,0.8635,29,20,0
1080,0.4333,3.0,4,0.658,153,66,0
1081,0.5332,2.0,2,0.664,136,72,0
1082,0.6215,3.0,5,0.8135,146,90,0
1083,0.4256,3.0,3,0.6758,104,44,0
1084,0.6748,5.0,3,0.8452,66,44,0
1085,0.577,4.0,1,0.4559,96,55,0
1086,0.817,2.0,4,0.7069,58,47,0
1087,0.7966,7.0,0,0.75,75,59,0
1088,0.8387,3.0,1,0.8459,63,52,0
1089,0.5322,3.0,2,0.805,32,17,0
1090,0.7716,0.0,0,0.75,22,16,0
1091,0.651,6.0,2,0.4296,76,49,0
1092,0.6662,3.0,1,0.6577,141,93,0
1093,0.4916,0.0,2,0.7198,104,51,0
1094,0.5755,6.0,6,0.9088,141,81,0
1095,0.714,3.0,3,0.9113,60,42,0
1096,0.9266,0.5,3,0.6501,71,65,0
1097,0.6264,1.0,2,0.9297,90,56,0
1098,0.8041,5.0,3,0.7195,106,85,0
1099,0.6578,4.0,2,0.9617,75,49,0
1100,0.7181,4.0,1,0.6251,132,94,0
1101,0.5175,4.0,4,0.7615,121,62,0
1102,0.4883,1.0,4,0.7065,143,69,0
1103,0.659,1.0,5,0.9384,119,78,0
1104,0.6557,9.0,0,0.75,85,55,0
1105,0.4823,6.0,1,0.7736,112,54,0
1106,0.554,4.0,0,0.75,156,86,0
1107,0.9285,0.5,1,0.8618,19,17,0
1108,0.8777,0.5,1,0.913,139,122,0
1109,0.2298,4.0,1,0.8117,38,8,0
1110,0.3037,4.0,0,0.75,142,43,0
1111,0.3555,2.0,3,0.7275,47,16,0
1112,0.7399,1.0,2,0.7839,142,105,0
1113,0.5574,4.0,0,0.75,142,79,0
1114,0.2847,1.0,1,0.7579,153,43,0
1115,0.4644,4.0,2,0.7829,88,40,0
1116,0.4575,5.0,7,0.5524,85,38,0
1117,0.7122,2.0,5,0.8801,105,74,0
1118,0.5752,4.0,3,0.8072,66,37,0
1119,0.2439,2.0,0,0.75,36,8,0
1120,0.567,3.0,1,0.78,63,35,0
1121,0.6818,4.0,2,0.5192,126,85,0
1122,0.95,0.5,1,0.7262,5,4,0
1123,0.7189,3.0,1,0.75,144,103,0
1124,0.5378,5.0,1,0.8914,60,32,0
1125,0.7813,3.0,5,0.4695,48,37,0
1126,0.5536,2.0,2,0.7862,34,18,0
1127,0.652,1.0,1,0.8571,141,91,0
1128,0.7142,4.0,3,0.6808,26,18,0
1129,0.6704,2.0,5,0.7912,32,21,0
1130,0.6039,4.0,1,0.6859,34,20,0
1131,0.3075,5.0,3,0.6706,21,6,0
1132,0.4235,0.0,1,0.7187,14,5,0
1133,0.6471,2.0,3,0.6734,106,68,0
1134,0.3533,2.0,5,0.8825,50,17,0
1135,0.1873,2.0,2,0.6698,6,1,0
1136,0.4683,1.0,1,0.6446,133,62,0
1137,0.8062,2.0,0,0.75,75,60,0
1138,0.6105,2.0,1,0.9241,139,84,0
1139,0.39,7.0,3,0.5008,133,51,0
1140,0.8094,2.0,4,0.6653,25,20,0
1141,0.3292,3.0,1,0.8164,127,41,0
1142,0.7619,1.0,5,0.8286,136,103,0
1143,0.6154,4.0,2,0.5564,138,84,0
1144,0.2989,2.0,3,0.9538,23,6,0
1145,0.6212,3.0,1,0.9038,80,49,0
1146,0.4435,5.0,3,0.8523,133,58,0
1147,0.5625,3.0,1,0.9835,35,19,0
1148,0.6077,3.0,5,0.8478,93,56,0
1149,0.6536,3.0,4,0.8473,6,3,0
1150,0.7621,4.0,2,1.0,45,34,0
1151,0.5754,6.0,3,0.9452,80,46,0
1152,0.9271,0.5,1,0.6538,104,96,0
1153,0.5208,1.0,2,0.875,148,77,0
1154,0.7552,4.0,1,0.6804,131,98,0
1155,0.7563,1.0,5,0.8556,50,37,0
1156,0.5556,3.0,1,0.8515,155,86,0
1157,0.449,4.0,2,0.5725,126,56,0
1158,0.8219,4.0,0,0.75,37,30,0
1159,0.7316,5.0,1,0.8198,45,32,0
1160,0.5792,3.0,0,0.75,36,20,0
1161,0.5394,1.0,3,0.8272,126,67,0
1162,0.6438,1.0,0,0.75,30,19,0
1163,0.7321,4.0,4,0.7754,62,45,0
1164,0.5586,5.0,1,0.8137,150,83,0
1165,0.7346,2.0,2,0.9875,118,86,0
1166,0.914,0.5,2,0.851,134,122,0
1167,0.1127,6.0,2,0.8101,131,14,0
1168,0.8178,3.0,1,0.6363,123,100,0
1169,0.7393,3.0,2,0.8807,156,115,0
1170,0.98,0.5,0,0.75,116,113,0
1171,0.6855,2.0,5,0.9726,18,12,0
1172,0.928,0.5,4,0.787,86,79,0
1173,0.548,2.0,4,0.5076,86,47,0
1174,0.8472,1.0,1,0.525,26,22,0
1175,0.906,0.5,1,0.8904,14,12,0
1176,0.4535,2.0,3,0.6945,119,53,0
1177,0.75,4.0,1,0.8455,106,79,0
1178,0.2252,4.0,3,0.7971,10,2,0
1179,0.6238,3.0,0,0.75,109,67,0
1180,0.7784,4.0,1,0.7655,117,91,0
1181,0.4404,4.0,3,0.6502,26,11,0
1182,0.4892,1.0,2,0.7776,105,51,0
1183,0.6176,5.0,3,0.6923,61,37,0
1184,0.7477,4.0,2,0.7242,23,17,0
1185,0.3885,1.0,1,0.7315,120,46,0
1186,0.5445,5.0,2,0.746,139,75,0
1187,0.3401,4.0,1,0.9183,104,35,0
1188,0.8885,0.5,1,0.7605,5,4,0
1189,0.627,2.0,3,0.9336,25,15,0
1190,0.5027,4.0,6,1.0,73,36,0
1191,0.7898,2.0,1,0.9082,106,83,0
1192,0.5731,6.0,2,0.8602,107,61,0
1193,0.8207,4.0,5,0.829,39,32,0
1194,0.4232,6.0,2,0.9098,111,46,0
1195,0.588,4.0,0,0.75,27,15,0
1196,0.696,4.0,4,0.9277,143,99,0
1197,0.7916,2.0,1,0.8721,25,19,0
1198,0.7018,1.0,1,0.726,86,60,0
1199,0.4332,3.0,0,0.75,76,32,0
1200,0.7124,2.0,1,0.7937,127,90,0
1201,0.4044,4.0,3,0.7641,84,33,0
1202,0.5837,5.0,3,0.7086,154,89,0
1203,0.6301,0.0,2,0.8049,77,48,0
1204,0.3889,5.0,0,0.75,33,12,0
1205,0.8867,0.5,2,0.9133,150,133,0
1206,0.3228,3.0,1,0.833,29,9,0
1207,0.741,5.0,3,0.8699,131,97,0
1208,0.8045,0.0,0,0.75,14,11,0
1209,0.5715,3.0,1,0.7575,23,13,0
1210,0.6228,1.0,3,0.6127,121,75,0
1211,0.6636,2.0,4,0.9752,59,39,0
1212,0.8136,3.0,0,0.75,50,40,0
1213,0.8858,0.5,2,0.6764,92,81,0
1214,0.4054,1.0,1,0.5106,61,24,0
1215,0.9592,0.5,1,0.8657,13,12,0
1216,0.7914,5.0,2,0.5368,25,19,0
1217,0.7428,5.0,1,0.6675,74,54,0
1218,0.5522,2.0,4,0.8682,27,14,0
1219,0.6467,2.0,3,0.8883,99,64,0
1220,0.7147,3.0,3,0.6822,10,7,0
1221,0.3359,5.0,3,0.7599,75,25,0
1222,0.661,6.0,4,0.6491,130,85,0
1223,0.755,3.0,1,0.6977,41,30,0
1224,0.6438,1.0,3,0.8199,152,97,0
1225,0.855,0.5,3,0.7048,139,118,0
1226,0.2044,2.0,3,0.7434,124,25,0
1227,0.9191,0.5,4,0.5603,92,84,0
1228,0.6311,2.0,1,0.9499,31,19,0
1229,0.7925,2.0,1,0.8565,95,75,0
1230,0.821,3.0,0,0.75,57,46,0
1231,0.4461,4.0,6,0.9736,119,53,0
1232,0.5052,3.0,0,0.75,119,60,0
1233,0.5918,2.0,1,0.7262,123,72,0
1234,0.4651,2.0,3,0.4958,44,20,0
1235,0.4729,5.0,1,1.0,40,18,0
1236,0.7065,3.0,2,0.7576,128,90,0
1237,0.7179,2.0,1,0.9358,79,56,0
1238,0.3021,1.0,1,0.5943,40,12,0
1239,0.5102,5.0,2,0.9295,104,53,0
1240,0.7536,2.0,2,1.0,34,25,0
1241,0.6613,2.0,2,0.771,149,98,0
1242,0.4812,5.0,2,0.6284,93,44,0
1243,0.6474,2.0,2,0.7592,9,5,0
1244,0.4503,3.0,2,0.446,140,63,0
1245,0.4106,0.0,4,0.7743,142,58,0
1246,0.8644,0.5,1,0.9031,98,84,0
1247,0.7611,1.0,1,0.7746,122,92,0
1248,0.8114,4.0,2,0.7374,113,91,0
1249,0.4943,6.0,2,0.8591,123,60,0
1250,0.6368,3.0,3,0.8706,133,84,0
1251,0.4675,1.0,2,0.531,126,58,0
1252,0.5701,0.0,1,0.7933,32,18,0
1253,0.561,0.0,3,1.0,113,63,0
1254,0.7149,0.0,5,0.5797,124,88,0
1255,0.529,1.0,2,0.7672,72,38,0
1256,0.445,3.0,3,1.0,154,68,0
1257,0.5908,5.0,1,0.9456,10,5,0
1258,0.5817,7.0,4,0.703,131,76,0
1259,0.7516,0.0,3,0.8109,59,44,0
1260,0.4753,4.0,2,0.7797,130,61,0
1261,0.3922,2.0,3,0.6678,80,31,0
1262,0.5807,2.0,2,0.7689,65,37,0
1263,0.9239,0.5,1,0.738,77,71,0
1264,0.4887,0.0,1,0.7969,18,8,0
1265,0.6341,3.0,3,0.6677,56,35,0
1266,0.4655,1.0,4,0.5885,123,57,0
1267,0.6789,3.0,5,0.7738,38,25,0
1268,0.8236,6.0,3,1.0,17,14,0
1269,0.849,3.0,2,0.7923,96,81,0
1270,0.8721,0.5,0,0.75,125,109,0
1271,0.7672,2.0,3,0.8931,21,16,0
1272,0.6005,1.0,3,0.7563,132,79,0
1273,0.5649,4.0,3,1.0,128,72,0
1274,0.5622,7.0,1,0.7794,30,16,0
1275,0.6884,2.0,2,0.8851,67,46,0
1276,0.5232,4.0,3,0.6668,63,32,0
1277,0.8056,4.0,1,0.8555,152,122,0
1278,0.3898,0.0,4,0.8213,17,6,0
1279,0.331,5.0,2,0.7715,119,39,0
1280,0.7833,7.0,2,0.7047,151,118,0
1281,0.862,0.5,2,0.6843,95,81,0
1282,0.6536,2.0,1,0.8224,88,57,0
1283,0.6738,3.0,2,0.8743,90,60,0
1284,0.8275,1.0,1,0.7609,142,117,0
1285,0.6842,2.0,5,0.8231,123,84,0
1286,0.6434,2.0,3,0.7743,87,55,0
1287,0.3869,1.0,1,0.7948,27,10,0
1288,0.6682,7.0,2,0.7499,122,81,0
1289,0.4943,0.0,3,0.7827,92,45,0
1290,0.8786,0.5,3,1.0,40,35,0
1291,0.3978,3.0,5,0.8267,89,35,0
1292,0.4296,3.0,1,0.8768,130,55,0
1293,0.4988,0.0,0,0.75,155,77,0
1294,0.4208,3.0,0,0.75,18,7,0
1295,0.7779,1.0,4,0.9741,15,11,0
1296,0.635,3.0,0,0.75,98,62,0
1297,0.3123,1.0,1,0.9383,34,10,0
1298,0.6316,1.0,1,0.7299,97,61,0
1299,0.3729,5.0,2,0.636,87,32,0
1300,0.7713,4.0,1,0.8348,75,57,0
1301,0.3422,9.0,3,0.6143,47,16,0
1302,0.6755,2.0,4,0.8603,33,22,0
1303,0.5101,2.0,2,0.6009,38,19,0
1304,0.5163,2.0,3,0.7321,24,12,0
1305,0.6133,2.0,2,0.5652,114,69,0
1306,0.8688,0.5,2,1.0,66,57,0
1307,0.3292,1.0,2,0.5319,95,31,0
1308,0.4677,2.0,2,0.7815,148,69,0
1309,0.7212,2.0,4,0.9515,15,10,0
1310,0.6826,3.0,1,0.9355,149,101,0
1311,0.312,1.0,1,0.9077,95,29,0
1312,0.6533,1.0,1,0.7324,63,41,0
1313,0.6379,5.0,5,0.9827,70,44,0
1314,0.5556,4.0,4,0.917,118,65,0
1315,0.7686,7.0,1,0.8118,18,13,0
1316,0.5765,1.0,2,0.8161,19,10,0
1317,0.8293,2.0,4,0.7344,25,20,0
1318,0.5524,5.0,0,0.75,121,66,0
1319,0.4613,4.0,3,0.9656,116,53,0
1320,0.737,5.0,3,0.9768,98,72,0
1321,0.6773,4.0,3,0.6474,4,2,0
1322,0.6666,3.0,4,0.7569,78,51,0
1323,0.7625,4.0,2,0.7585,9,6,0
1324,0.6121,6.0,2,0.7751,90,55,0
1325,0.8154,4.0,1,0.7896,140,114,0
1326,0.5063,6.0,3,0.922,65,32,0
1327,0.624,2.0,3,0.6679,61,38,0
1328,0.6348,4.0,2,0.653,111,70,0
1329,0.7135,0.0,2,0.9655,22,15,0
1330,0.3143,3.0,2,0.7106,112,35,0
1331,0.9077,0.5,5,0.5905,144,130,0
1332,0.6259,4.0,3,0.7072,126,78,0
1333,0.5861,2.0,2,0.7305,103,60,0
1334,0.2605,3.0,3,1.0,12,3,0
1335,0.6637,4.0,4,0.9187,52,34,0
1336,0.2158,5.0,3,0.9521,34,7,0
1337,0.4703,2.0,1,0.903,62,29,0
1338,0.468,4.0,0,0.75,150,70,0
1339,0.4988,5.0,7,0.6768,133,66,0
1340,0.7338,4.0,2,0.7502,48,35,0
1341,0.6368,5.0,4,0.6315,99,63,0
1342,0.5199,1.0,0,0.75,46,23,0
1343,0.3501,3.0,1,0.8826,101,35,0
1344,0.3675,5.0,2,0.8002,4,1,0
1345,0.7631,1.0,1,0.9767,134,102,0
1346,0.6695,0.0,0,0.75,94,62,0
1347,0.5331,1.0,1,0.855,47,25,0
1348,0.9235,0.5,1,0.5928,138,127,0
1349,0.6557,3.0,0,0.75,36,23,0
1350,0.6049,1.0,2,0.8911,140,84,0
1351,0.5157,2.0,3,0.7478,33,17,0
1352,0.7903,2.0,2,0.8627,149,117,0
1353,0.528,5.0,8,0.636,59,31,0
1354,0.727,1.0,1,0.5304,108,78,0
1355,0.7325,3.0,1,0.8636,34,24,0
1356,0.7258,2.0,5,1.0,92,66,0
1357,0.39,4.0,2,0.6306,4,1,0
1358,0.5479,5.0,1,0.9633,113,61,0
1359,0.4348,3.0,2,0.7865,85,36,0
1360,0.3017,3.0,2,0.5796,22,6,0
1361,0.7373,3.0,3,0.6103,118,87,0
1362,0.4795,2.0,3,0.7824,129,61,0
1363,0.6161,3.0,1,0.7193,67,41,0
1364,0.5498,6.0,1,0.5831,56,30,0
1365,0.7619,2.0,4,0.5259,9,6,0
1366,0.367,1.0,3,0.653,20,7,0
1367,0.4097,3.0,2,0.8091,49,20,0
1368,0.5962,1.0,3,0.779,121,72,0
1369,0.7481,4.0,3,0.7048,76,56,0
1370,0.7526,5.0,1,0.8103,104,78,0
1371,0.4655,2.0,3,0.936,94,43,0
1372,0.9572,0.5,0,0.75,9,8,0
1373,0.4819,0.0,1,0.7618,112,53,0
1374,0.4478,1.0,3,0.9192,43,19,0
1375,0.8951,0.5,0,0.75,94,84,0
1376,0.7521,6.0,2,0.7463,69,51,0
1377,0.7671,2.0,3,0.7498,140,107,0
1378,0.4749,2.0,4,0.5945,14,6,0
1379,0.8612,0.5,1,0.717,151,130,0
1380,0.5437,4.0,3,0.4688,119,64,0
1381,0.5642,3.0,0,0.75,46,25,0
1382,0.581,4.0,1,0.6394,61,35,0
1383,0.3811,1.0,1,1.0,41,15,0
1384,0.8659,0.5,3,0.7857,97,83,0
1385,0.7491,3.0,2,0.8647,39,29,0
1386,0.3264,4.0,0,0.75,9,2,0
1387,0.4656,4.0,2,0.8112,134,62,0
1388,0.3377,4.0,2,0.8776,68,22,0
1389,0.5258,3.0,4,0.8797,127,66,0
1390,0.3265,0.0,3,0.8962,120,39,0
1391,0.6505,4.0,5,0.7248,21,13,0
1392,0.8708,0.5,2,0.7079,154,134,0
1393,0.5532,6.0,4,0.5409,99,54,0
1394,0.6903,1.0,3,0.8585,154,106,0
1395,0.7182,3.0,5,0.9424,131,94,0
1396,0.8143,3.0,0,0.75,39,31,0
1397,0.2437,3.0,1,0.8258,73,17,0
1398,0.2754,3.0,2,0.665,98,26,0
1399,0.5185,2.0,2,0.5254,137,71,0
1400,0.5852,3.0,1,0.9363,47,27,0
1401,0.5903,3.0,3,0.5106,47,27,0
1402,0.4558,3.0,6,0.7289,30,13,0
1403,0.2618,2.0,5,0.7464,103,26,0
1404,0.9499,0.5,0,0.75,55,52,0
1405,0.514,2.0,2,0.7854,28,14,0
1406,0.8417,5.0,0,0.75,77,64,0
1407,0.4925,2.0,3,0.4177,42,20,0
1408,0.6302,6.0,1,0.7822,143,90,0
1409,0.4273,4.0,4,0.4456,142,60,0
1410,0.9001,0.5,2,0.8898,116,104,0
1411,0.5053,3.0,3,0.6967,6,3,0
1412,0.3896,0.0,0,0.75,118,45,0
1413,0.8568,0.5,2,0.6579,25,21,0
1414,0.502,2.0,2,0.6945,7,3,0
1415,0.8159,3.0,1,0.9586,139,113,0
1416,0.8485,3.0,4,0.8095,17,14,0
1417,0.7805,4.0,1,0.8317,17,13,0
1418,0.6803,2.0,1,0.9572,19,12,0
1419,0.6098,5.0,1,0.7656,67,40,0
1420,0.4833,1.0,3,0.8931,19,9,0
1421,0.6264,4.0,2,0.8826,55,34,0
1422,0.8123,0.0,0,0.75,22,17,0
1423,0.6446,6.0,6,1.0,72,46,0
1424,0.2178,2.0,2,0.567,143,31,0
1425,0.7902,2.0,1,0.9176,96,75,0
1426,0.6153,1.0,1,0.5524,8,4,0
1427,0.6641,4.0,4,0.8702,45,29,0
1428,0.6032,1.0,4,1.0,20,12,0
1429,0.5796,4.0,2,0.7481,114,66,0
1430,0.6094,3.0,5,0.7415,75,45,0
1431,0.8016,2.0,1,0.8716,107,85,0
1432,0.3845,3.0,0,0.75,97,37,0
1433,0.5965,3.0,4,1.0,13,7,0
1434,0.3029,3.0,7,0.8088,19,5,0
1435,0.6686,1.0,3,0.732,147,98,0
1436,0.6566,2.0,2,0.699,45,29,0
1437,0.483,4.0,1,0.6401,6,2,0
1438,0.7105,2.0,2,0.6858,154,109,0
1439,0.7346,5.0,1,0.7274,124,91,0
1440,0.5414,4.0,1,0.7069,27,14,0
1441,0.7316,4.0,3,0.6813,22,16,0
1442,0.3128,3.0,3,1.0,78,24,0
1443,0.4131,1.0,6,0.6255,43,17,0
1444,0.3869,0.0,3,0.802,49,18,0
1445,0.7506,2.0,1,0.8689,43,32,0
1446,0.8937,0.5,4,0.8745,65,58,0
1447,0.7174,1.0,3,0.7712,21,15,0
1448,0.7057,4.0,2,0.7439,143,100,0
1449,0.5509,1.0,7,0.8477,145,79,0
1450,0.5443,3.0,1,0.82,85,46,0
1451,0.4175,5.0,0,0.75,111,46,0
1452,0.6427,4.0,1,0.5457,15,9,0
1453,0.3166,5.0,2,0.7098,107,33,0
1454,0.7971,4.0,5,0.608,137,109,0
1455,0.5585,4.0,1,0.6799,91,50,0
1456,0.5241,2.0,2,0.785,118,61,0
1457,0.2625,0.0,1,0.8338,36,9,0
1458,0.7516,2.0,2,1.0,121,90,0
1459,0.7319,5.0,1,0.6994,83,60,0
1460,0.6573,6.0,0,0.75,15,9,0
1461,0.59,1.0,1,0.8259,98,57,0
1462,0.7223,0.0,4,0.9744,56,40,0
1463,0.1674,4.0,0,0.75,16,2,0
1464,0.5973,4.0,2,0.6287,125,74,0
1465,0.8093,5.0,3,0.5215,105,84,0
1466,0.3266,3.0,1,0.8267,134,43,0
1467,0.3504,1.0,2,0.7007,61,21,0
1468,0.6569,5.0,3,0.633,7,4,0
1469,0.4388,2.0,4,0.5899,69,30,0
1470,0.7312,4.0,3,0.8041,118,86,0
1471,0.4085,1.0,5,1.0,39,15,0
1472,0.5794,4.0,1,0.7187,26,15,0
1473,0.5229,6.0,2,0.8685,22,11,0
1474,0.6537,1.0,2,0.7647,43,28,0
1475,0.4332,3.0,2,0.5866,75,32,0
1476,0.7011,2.0,3,0.8902,147,103,0
1477,0.4113,2.0,2,0.6158,61,25,0
1478,0.5852,4.0,2,0.7832,110,64,0
1479,0.4415,5.0,5,0.7288,21,9,0
1480,0.8307,1.0,2,0.914,39,32,0
1481,0.712,2.0,2,0.6213,155,110,0
1482,0.5246,4.0,3,0.8386,132,69,0
1483,0.9068,0.5,1,0.654,4,3,0
1484,0.4848,4.0,3,0.7033,67,32,0
1485,0.6112,6.0,1,0.2347,65,39,0
1486,0.4642,3.0,2,1.0,113,52,0
1487,0.4111,4.0,2,0.8626,78,32,0
1488,0.3507,4.0,2,0.6649,149,52,0
1489,0.9205,0.5,2,0.6113,19,17,0
1490,0.6424,2.0,5,0.7057,20,12,0
1491,0.4779,1.0,3,0.8875,27,12,0
1492,0.5527,2.0,0,0.75,101,55,0
1493,0.6048,1.0,1,0.7588,133,80,0
1494,0.8412,8.0,1,1.0,141,118,0
1495,0.3401,2.0,0,0.75,17,5,0
1496,0.4843,2.0,2,0.7921,115,55,0
1497,0.5693,6.0,4,1.0,69,39,0
1498,0.7743,2.0,3,0.8748,85,65,0
1499,0.2769,2.0,0,0.75,96,26,0
1500,0.7152,0.0,1,0.856,75,53,0
